ANIO;SECT_EJEC;INV_ID_PESOS_CORR
2004;Universidades públicas;450
2004;Universidades privadas;40
2004;Organismos públicos de ciencia;776
2004;Entidades privadas sin fines de lucro;46
2004;Empresas;646
2005;Universidades públicas;589
2005;Universidades privadas;45
2005;Organismos públicos de ciencia;973
2005;Entidades privadas sin fines de lucro;55
2005;Empresas;790
2006;Universidades públicas;801
2006;Universidades privadas;56
2006;Organismos públicos de ciencia;1316
2006;Entidades privadas sin fines de lucro;80
2006;Empresas;984
2007;Universidades públicas;1119
2007;Universidades privadas;71
2007;Organismos públicos de ciencia;1606
2007;Entidades privadas sin fines de lucro;79
2007;Empresas;1252
2008;Universidades públicas;1476
2008;Universidades privadas;94
2008;Organismos públicos de ciencia;2261
2008;Entidades privadas sin fines de lucro;94
2008;Empresas;1485
2009;Universidades públicas;2008
2009;Universidades privadas;127
2009;Organismos públicos de ciencia;3049
2009;Entidades privadas sin fines de lucro;77
2009;Empresas;2027
2010;Universidades públicas;2608
2010;Universidades privadas;140
2010;Organismos públicos de ciencia;3947
2010;Entidades privadas sin fines de lucro;92
2010;Empresas;2532
2011;Universidades públicas;3571
2011;Universidades privadas;176
2011;Organismos públicos de ciencia;5038
2011;Entidades privadas sin fines de lucro;125
2011;Empresas;3424
2012;Universidades públicas;4758
2012;Universidades privadas;238
2012;Organismos públicos de ciencia;7306
2012;Entidades privadas sin fines de lucro;178
2012;Empresas;4269
2013;Universidades públicas;5781
2013;Universidades privadas;290
2013;Organismos públicos de ciencia;9371
2013;Entidades privadas sin fines de lucro;219
2013;Empresas;5047
2014;Universidades públicas;7893
2014;Universidades privadas;373
2014;Organismos públicos de ciencia;12949
2014;Entidades privadas sin fines de lucro;245
2014;Empresas;5737
2015;Universidades públicas;9129
2015;Universidades privadas;439
2015;Organismos públicos de ciencia;18845
2015;Entidades privadas sin fines de lucro;328
2015;Empresas;8334
2016;Universidades públicas;11639
2016;Universidades privadas;542
2016;Organismos públicos de ciencia;21608
2016;Entidades privadas sin fines de lucro;334
2016;Empresas;11803
2017;Universidades públicas;14245
2017;Universidades privadas;713
2017;Organismos públicos de ciencia;27760
2017;Entidades privadas sin fines de lucro;532
2017;Empresas;16054
2018;Universidades públicas;17428
2018;Universidades privadas;955
2018;Organismos públicos de ciencia;29966
2018;Entidades privadas sin fines de lucro;828
2018;Empresas;22822
2019;Universidades públicas;24304
2019;Universidades privadas;1359
2019;Organismos públicos de ciencia;38936
2019;Entidades privadas sin fines de lucro;1170
2019;Empresas;37310
2020;Universidades públicas;31964
2020;Universidades privadas;1885
2020;Organismos públicos de ciencia;53320
2020;Entidades privadas sin fines de lucro;1618
2020;Empresas;58490
2021;Universidades públicas;49035
2021;Universidades privadas;2903
2021;Organismos públicos de ciencia;91132
2021;Entidades privadas sin fines de lucro;3595
2021;Empresas;95339
2022;Empresas;180366
2022;Entidades privadas sin fines de lucro;6618
2022;Organismos públicos de ciencia;173739
2022;Universidades privadas;5631
2022;Universidades públicas;87833
2023;Empresas;484023
2023;Entidades privadas sin fines de lucro;17754
2023;Organismos públicos de ciencia;422700
2023;Universidades privadas;14900
2023;Universidades públicas;211186
2024;Empresas;1363159
2024;Entidades privadas sin fines de lucro;43504
2024;Organismos públicos de ciencia;1005046
2024;Universidades privadas;42039
2024;Universidades públicas;414553
